string,pubkey
RfgeuSNUGgAbO1AcTmXnbGekj5trUrlqBbtcnCBeodjkErANwY8J0PqMpjcpTUImTauDjxOC2,024fe9096ab937d419e5b50460844e4acd39519ad56b808588c8ca6759dbdde13f
OEqAb95jSz3F8c6cIslyAYs7aOQI70iW5kSD6rbVJMdmPdolAtfpCGsHMpEryRGUqS4ddaDko,0329248c7545cd207b79bca58d59497b9b88418d42b64faebe58167e12b2ac5b05
EkWbAsobOP1knB9g8Qd0MwGfjYswmw9mdKm9iRRGdIzGJUSPIx9XGTyvoWYmoYa4rYSsosag6,02a4a399d7bb6a131c81372f45462d0eb8d80a629fda63e21c8e2970e170c51ec1
GZOHPaR8brW6S4xrUFXTz3jBrtAfBZT6OhYUZrIWd1ptVOxXQbFv3IgaXl63yyzY4GQZiPvWL,02657e12e7841cfb167bb4690a89ca5fcb6e3b8f0f3b5fe4b136ec3cfdfaee54ca
v9mkheV3kZKVr2vngkQiLRwwXItDW3dkAy2QhPJkAUfHHm6B675MeY0OVXZfVPz8CXiW67NRR,034fe9da0a77147af968b2c94731f3760bfb77f5d918560ceedaae57edc4387a73
ODBCcl2eZ0c1fwHFEcO0PFkn9h5LXMRTSKo1UFFMeT2Uwa6wnR0u1Z7eVpdxTr4pvOTKFffsh,02318f9a65ebb0d49af4333d9f62466ae01c588e66e1be1e03a07e49ec4073c157
5NBFr33MX05nqU4Ki1fPBVlelZ86jwJZWR5fTnfmvGo0mbyZ0ot4PYfZ6bMq9CHITw5EGf2Oe,032fc44b6072e5c01767186b230fbdd428dc4b8cb59f2b74f9a1f6ce3bcb1f856c
tq01dPkAdKANtKMWafAGTgN90KKIv8YKhS4Y4fjmW3xNY5Q2Pq7NgJmBINI2tzArelUcHVF3j,03b0d29cae4d2964cf219fdfa844cb04b52b24ef19a2bef4e0564704bd169f4d8c
OrFmRalICjHtdoEQfi92e0qhrHdmO4vU5maazcPvV4DNmStYN1F8kJBoFdqx9d3h0VOAO1Hmp,035e010055ec2deee39d1be933fef157987945bff37ec527a11b88dda840f5ccd1
6YCtRJB7foBe77EZwlH9RxwutVLBWkKbq5C9zC1qSOnHUDk8VzrTU2U3bhnQw1slJmhhEdkyZ,033e74d72ddf9741f17492fd7c09f5e3c6a08459dc13fd0375a29832da5d012e96
R4KmtvAG4ntiCwXr6F608fV0keB0fjDKpbPkIFAHlvhTnAEosKFp04RDXAVHW3XPX8ZZWo49W,0292789cbe1df53b7ed2bd2685037361e4355bd7dc7acde1ec8f41045a453aaca3
Nkp9fqHEEsi6yulvW7igsRpIAv4YgkAueE6LoKjVtPXB8bshJRkPxkbrvLcK8jkObOHPfu5Fk,03c1708657ccad379b3c25079a339a32fcdd3726db8b4171aa3ba1192bfa956a3f
FLbOzzSNxsyT13Sb4190SrQR2jLIjCPKkDV5qtIINpoCawqMPucDB05mK8Po8xF8PC3o95dco,0328389eab6aaacb569d340ff982c1934bd5fff5a7146b0aa8c08702836f9c09dc
spIiAIaYLo4rh7zSEh8kkG7vbaop5r0Xnjj40apzJGrbI3m2tWNuBDtDefJVb3xyawmgH82aZ,03425af1e007e1d009fb4d452f18bee3ac9ef7437fbfce14b35cb36adcf18c6e7a
6iSl7h4GQSv9Koufzaqkzo1Y88hyXOq9nPOvs7jWjw4e0F8guK8F9PVpEVrD9EhQuHkqfOZvk,0252c1c6ab3eb77572635e63b5bc42892a7cd00a324eb603fbab0ad848ec5a6d09
SL7b69rZf8X2aOxdA8nRKeoHCxSSlaKKz2EVl4K7sjT7wvxsizVAEOypcJisWt5fj6hJywCp5,020ff93a3ec0758804514b9afac60f0c084365557cc4603fc12171c44918b12484
BOOrD9ojeqITIRoyrcdqA70FzXwI5mPeQHzhjt7Xk1fKh2tfVPEfH7D0DBitxtwXkzhY5fE1E,02a3b38991c7031ed72df77e8f474bf37fad8749bfc48ff9ac53e298a4a6e9d810
RfVeqVaNPPzQZzujxR5iFjj7j4KKZFYq87tjROqwJuId6j6yzHDf66CMUR6Yx9lGlVj4NxAJw,02d403fddb17cdfe7c538fe105cc0bc3653ceb81be555f29dce0cb2c0a5ca54d7c
VtJChxD5jpuRQIYOW2vyrb10azlwccLeP6qPM7c12r0p3AopyUWy1N1xxsQcc0nOyqoh3KTjx,02cc09f00e2c07cb7f3dee98d39d64e66054da0a1d57316d01a4f2d988186181a6
yX7OzkTJS316B5qKeRLrwLEZ7hrkUbtAc8lh0TlqPJz0w659Tja9WjSlhaVr56AfHLAWfTIbU,02d84067b264db501c56705d9e049c069c7205ee2084470807622e6cf4a0980644
isHXNnZep0099T07GDtUN84xy65yfSgHUNQ8XPcqmzw1GGW4OgUlGIjA9uoDAOIZrI1cLiM1f,0307123a722be1fda43259874b30be9b89899edc68976823ca1311b76b5b5dc5bb
s7L2KIBXoNqhZ1Q9q6wiywupX4DwjH84AojuE81kopDefhC1Qq4ej1M4WfsUWzwPKykpaHBrU,03d03fecf6a27f031cb1e257956e3ed559013e82bc539e5d93d66320a1bc1f2de1
Fcglp4U1Sukv8nuK4S5yyXGNUmjZHkDWk8WE1R63v4YDMIArV82KFkdwAbSK1WpCoqCbVzNW0,03482edbc7ef45b3dca04241a7d8cfd334af097c5417cc69be4f315a1a9e8d08ed
mVuQn6qo5A3DM7q7Cz8cUXyNve6Skj8LSTw0emsSBVF6jgYEJwQL8YoIURdGYPhpLSF1tWIzU,037975f316504fec64930b3ac85b2cc40b9c6e57d1413d08aba797ec56028ec904
J2lkFtmoukLCEmUqRUzpz71oRijCjFWrrmTt1qB2fEVJR4cLz82lpu3fpNaZ6kE63n2F5LVG8,0304af1f4c36bfccfd8401519b6036417f1ef5d5ea4ab9cc9fdd2ae29cb6a2cb3e
mgJqno5xEyn1JinFitc5yH9KMsdztBQpJGrylYH19T9QTK5fal508yWu4NkxT4ONFrlYgL3W1,03293edb2b7931df8822f996a6e44b06638f47982a0b13a55ee165b6c2e81bc714
ZpDN35HNTb47elFcZd7AvWUJxUaxkCRzl5cBooBYPD3ET7FVfJWED29RXumfsQ1IlafHWQTEb,03db941558c6570185ef0e783a63204d8b7c229b4287c069bd6316e2e268ed5531
Pr5wuCQYJqqd433lLnUdy1uNcRFfjr64gC4en3xvYam5l6Ohe9tPg0wZ5RPu2DCvobJnoAvuQ,03ea1611a4a81872c459b4ae53f4cf94debad1dbf9ddb514f254e7e641096d17c5
cESeFFBHFwkubwklHqSFaEgOhJN2Y9w1PvI1VVbAG3dQLsZ2chBbD9cQ6DYzahblfFjxh5d91,03bb38f824a5c28634277676d7aa0e6c1f7add5d55eced277828b5935c3f7142cd
abD4xRvpKwEZYU3Tfw7rKRNVGLkLkoUbO3XWyRbG2VdUstovTTsnsun9UWVCD0d3zomHtBoiW,020748ca3592151bea168c498c9f2c14e771d1c77ca477a074c8e8cb3fd1cf1390
EPlgr0usgsRyqVYx7SygdhtrPvKhEZErAm0hoXtI9dW3Gp9SU89DcBklfTIiDLF7Nbnerrh7L,02b13db282259a1043a9a9b3129bc2f5c71a4564e25b313db2bd01395fbd02eb0e
pyH7DL5ehUOtUwYwMTWCGSa8YUumr7WcfXQUmimVl5ne2wChAOha7KA8Mioqn7XS5ntK47IxG,037c5fff75207777d372eee6b0190e9e2609e9af97f826dbf4daa0c5b31e3b7058
g6FpZ5KLmwbOg6SvTlEGT3h5wpjHRdkdNrIWR99IwzaIOOkjswHD5VBptP6Ja6Cw2wHtlHLCe,0248183d536e881138e854b268a1be8c9f5df98b8ee30029314fba47ebb94e3bb0
MgbaiH2BSncFyeS4LO1wInxrQ8bv92jaXPw0Bf6xaATtjZBnvvQKgpUj70FE1r6pd01zVKHpn,02041e6752c1259f67a8869619e1d834b57d4a282d01a69eaa173104fe74484610
lDJEC4wPYXe7pEhSobZVPfle7KHakCGRj4HGyWmyYbNR3Za2zEhKiYOIjOsuPGI49T5JcgIBB,024c5457277bf99c2112a53374e44310d12fb4ebc7f6999b83d16283a63fb62e42
LPEbHjrlH4R4jmT2A4tJcBymw8I1tWBY5exdkVXRdIOgY8RgGSl6LfYmlUP6VPzuAIz48d53u,02d9d953582cc1c4414cb296b1980c77165a92f61a9224f20f243c6ee69ecf428c
yw4FX4D34NQ0WIpaDTxl3j1Po6MU8wxntzNEJ0tqVs8qAfGtw8jCqhs0wZ2yyDqJbPjWl3INv,0390ea0e62c6b4f65531ce32aabc5812dd68abd5b78e29c13a244651406f64a465
DgcW9dKi8ASIsYjEEBudib6QYdPYvOeORF1jp1fv31RXXAseDbE3O74UK6uf0bKbR7vf8TkTb,0239919b8858b35ed90396645bdf50adaf050829e5d6b43677417c24fe7e7dfe2c
J7MfICpSh4aYeDN90bFENQwznLnd2o1Dc0EzpU9gYGNbOlCcHajZMWrCpxI0smygLfSOXjdGb,03c70d7305345dfa29f87484c462464fb7cc8df1780803261aff8829e1688792f9
xTOeT5LEBpywoqKzFMvKoCMTa2KJjeb6gLfOPM8DTmX9kfGeB311lZfL3dq6HqDaqGZMoN7wD,039e893a33eebd763909987e4b0d088c0d90ac871613d598adc5b7d429f7b406a3
j1Ewt6s0Oa5wNdT90KZE1MHoEj7nflyFbRDgsXXjMe5kLzsUCFDZ4Z8XZ8YiM25CZrU6khf0G,028bc6be35e6e55ba10b9eabaf900906be60ba24c967c2e8a27a4968f4740e0297
UJJDqOrM8HdqNri1v31r7nCOxt2xYIP2bt6S7g8mUbrocNsKLF6oDRTDjm1SBZn3yD5hJ5zuq,02880ebed6d27129c4ed8a6a2b4b43a72d31a34baae8666f3b33bdf2028d3ecffa
OAXcIxVSlQBFzktc4FBfv9Pf83tpt22MgkHyWSC7by9Qfd5UpDQCqrtHjPzvdX7Ogy7TQOEhR,03bae270355a829af15f2f25191bc73fb13623ef1127b473bacef17df2ae81ff74
K88nBUX7zElFySOGWLVsdCFhtpTv7r6PoO0GCWsYPGGYMkVNA5FGqR52PN0PCeGR1xIvlXofA,02274ea0861e357a4b6000a0cec70554ff8ddc93eab7564feb95cff466ce4fbcbd
W4uh2QfPJkURvpQRDueKvyaUcvwQUklTSWfdRFkudXGaAbAuhDwDb6Pn5HpHieARHVh4IRBmv,039f89926464771f22d842a5561ed1dc3d041f225fdd0d9c57555a73147a55d23d
XARNMdSZ8S54kzKNf28qJR0JJSc9qbvU1kzUk6l3txNzl8t2QFnsOrUfEUDItTMgjLUXsKigv,028f855f965d8ba7cf5ec99230de230a39f2a77d918725b8ead07ece9b8fc63500
xI8MaNd1D1Da5f4JZ63u0bDtRPSTWyTE6fMDGtdcx6j8TmpZCs5GBHxfvlHxiu5o23LuWMSzk,031c6600b64dd5a5a6bd9d09f783cc99dbc8be1466fc369c93fe2e246b9934b573
nJNOJPGxjDGyWNOW8TwVjXuQ38f9wcp6BKny6xOxK62TcQPINo6S0zbLE5r81ziVRNtSxFDR2,02dbb60557f2ac634b243a7d7d883a35c37443af593daafcf7aecffe1391a7fd79
JEpVQEB6ULUpv9D2XxbECODVY24Pafxhr7Rbg04zgVBfN660M2VDjWi1vlWG2Wnr5LVGBGh0V,03f0e19cda6b2fb850990b5ed14a7a913cb7ed808fd05e35c2ffc48e6ea0b0db3b
hgCb86BOsAeS5ZdNmr8r6Q5kWMcLn5y24eSSPtAOVhiUBd5Qc7NNCyaPOmQDb7yA8jwHJa18J,03a956d79e8dbb27bd314708559fa8b94d198dd82f385694fbc0ec3f4ad2cb656d
7DAPbLNDJ3HGp6IgISKVavxrq2QgJeJZEL59vrXAnoP4JwfI85KigH7soZ0cIoQBGO4zIGspA,03ef2c1021cd59d742ab661fb170536d36ac31135fd87cebfb816523b384314bfc
KuR7OyQ2NvJGzMnfvNJytnr2uJ7nTeinNm7ZxEBHwkXwbViRc9XoqUFfJVG5v5q7aisZvut26,0348ad7f8d95cde3c8e4be81ce4bca1b94aa18dbd37aafe4b85c69612b4a90a623
8uunH38Jgho1itkRcZ6zh1O4ntJ9jNke0IJBpcbrhWFub4WsAzYqi7Wkb0tINdNlMH0QktV6y,02375d4cf670cfe37f83857d9ffa23b3e8cb16d66d17c91c3f869ff8a8567a20bd
XVWavRScsud11GPdadQBwslGy4tkpUSYSXKEA2n7kHNfXzMJ96GeRboDSU5Wy83E0ocz6E2lm,033b586dfd953a8e0659ada0f432191d4a2648fe38727a9ed26428a5cd00a44f5e
6BmBYFTlvmyfkaFsz3zLekRXH3dHSvTs0Ii9sEPenCrb9VHQ65VUZIwtoFvd8dIBOJOhId7f8,03704b049baabc1c052efe85c41cf2c16e70001c917531fe11f6c90bea52533173
N2aeLo45YuCpS8qnPS7shEWL4KdvmThXkPRgUTPZ2VPJS7wx5Tr3ggoDeMeIgO9tIETY6wDkd,03ad08dd701f1deef8a3ef1d72157e8c193c108b230a12a3ae986b2c3eda8ad91e
7Xy4UWGATx1ExS2RUNoGyOQC11WRn7nwSKxc6HqAUvMuQd28OWqUFFzSXguecPkDgqBXKDeAI,021ba72dd266bece2cb73540e2e0f1c745e9c247228132288ae2c3ceeeb3a454d7
1YOI0hSm477GL7TT3KfiS0t7zC0XGZUPLxvxTonPG37T1jMXryuypNQTVHI7yRTd2CUnPIc2l,03adda429b0e8433a3cfcf339e137d6159c433127ba21f6c8c5dd66d6538d5eac9
C0AOxjCcbAR2tckpouwrvOtvZaQuMEzUWuvEEPOW1Qia9LQMNaZuPNLzzORGSaJuUvX6aYmUv,03b737f0b4dc2d347d4c548d28bb50618f53ec9633160bd7e1f3eec11129f08b71
B43IuJig52scTaiie22RsceTjaeqLgzSYqXjrtvX99wNhMtuVikLGml8KJh2NAo7kZ3lkstQH,0383ddfbbb4e8d11e821c66a3ef23af93d4d5407d42b8f26ed50bb530cd4c9eaec
51Bv3xL8rcmCYbYTACEaC1g7eDGEGf9foHAtOMqqKf3IoESlZvNYGG5tOWoDEj507IBA3hIU0,0312d4ec06a71ef437f07e727fa1317bcf4404604b047a0f616d195fea0b9a2953
fVDdsvR93iTsrWmcyGsIhWfqKQ8h8sY5QiHTm2hgqfJ61xfbwWcM8hzBbiyQDxavOChoRBnbQ,02a5a7adcf4ebfc2b615ea3d1588a2fe99b1ae6487201723a4a96e9d7a06d67d29
JcZYMWfgGAkHPcqMaEEyh8ibAvxlvw5RTnea0ymxsbEUCnm7diCtL5dsceFR8fbX6Ibus0N6V,03853b5e7e0f5ae144b40cb8c92a69d80f3b13757c07eaefae85d36429e0d816fd
NdsVAmuPGhSTEF5DYJtw5qXUTJlrFRK5tZZh0hnUwDNNX0aKWwLRW4wwobAMhA4htxLJvveDr,02c9da4f6887a2e43dae03676268a9518686c54ec77ffded005c3892432f000c87
MQ4ihui7Jr808jcec8mj7fDc2uJYyfKkc0gUzNgKa1wB5RcTL6IlHAPk4zRJZKpoOnOsxJmZ4,029d7fbdd7c7bd936040ba063b39a88be83ca4b365963b3ec12aaca9cd472c95ce
ipBvZCQ6ydslYo2B7VRKiGzCZV7q8JZx7np3KPXyhF56EHqinPhraH5H4pa6FNJd1404LPXL1,027fcc5b3215d9ee0765f50c42d89e0a026190395a636f74d6925c2a328129e6c6
oYfaC7qrEK0vLbITmt9MFFKGlG4UtMkx6m9NbhXAEcpeWckVHW1eeH6nMgbiYAtp6RJlJZYOU,02f9ff2924015a2ac09be0cd8b00665bf1da6c41cf58ecd2b28690b9bf527153a6
fpXoWYIf9KuGlNEoKj616C72PaparLR3e1CsagrW3hh2CHKV3Mpx30TWvhp2kUw9dsOVg8G9p,0388d6fa4ccf97dbdfdd00c85e93160d08ebfe657fa68d88109851dd6cbb3eeac1
shk8XvD2HAQEBQbE7xjmiXRX6Sub5GDPHUoCDnzKM2Lah6KD3DlmARFvnTgsG8MOb0jwr4Dbi,0235300ff93b281563ee708e243596be8b193843f4da7c6fe06538595625457b73
biyZ27iNXDFPb6l0KUwgmR512wem3FawnDjNBt11bUKtvvjKArhWVcb6AbtNaZLilVeHYtxBK,02c7a3ef36dc2c577ddaa6b54c95cb94d1f284e5c9fe5ea1e26a8eb5fae6cbffdd
w2A1yUhYzycwHXtLPCFiyKi5mLJsOAJnRSdCLD94t4HChrvuIiMsGs2hZ0fMply2nR107DfAg,0303fb89a6e0f43f9b4e09317465a76feff6c7a07e60ba03a746f7e2ac78cfc95e
QLuml4pz5jPk2hdcUqv9GXXQ22zRMeDBoeBvIw3sRC5RcgxpIf0dwWAnFGW5ru6V2VDvzEzdB,03762aa13da377db8e45ff359f0ed005c543c373fa875ac82f9df17347eb4d1f1e
YBg5eKgA5kZMlOZpzRqJ2t8qHEDlR99vz8nwlAHDjA7Xdwnj7IBgpKhxYleq8qHEi1b87xkCT,031bdcb895c1b6b1231e801f31c905a3ecb7cf4be2546fa859620b25e38ac9366c
zq1QZtHGqI0YozbhBzbl47a6dmWua2jTL8EvVkEcowA4LOOutQ0lsCtehnAQAEYbf6comzpG9,02186e6ac8e5b6a7b143ca075c75d55bbc138e08cfc99e0fe66e00203620fd9f2c
GsWGKOfYvOR2QilbA3qOb1x1UTv4jmzSKrr75Gl5MDfxKwVISiW3s2zCr2JjyzLtWq3LZ16Sy,02edce3c388dabe126e7bf2027ef186647b879e2d94be291be0ead07776efbc40a
tRHywEaT8eyEVufhVP4tMQQsC5BPTTNEjp0tzW1hyI6GLAATXVBSR4IBcD6TYnY2hAjBDaqfx,03dc0f59c5a15ae78b3af9283df1181942ecb8c5937fbef99aead3e554e24becc7
eWTJDmEmJaPjd28Q8FCQPobjeRz8skPUmApEB6KPjd3xWjflarbi245kkkEnslCaOId2YKDES,02fec36ee2c67f68df4f80dbc14c8651b3004539cf92e59017a64154bdaa82287b
ahRf78fKieVWo4ND1TSJH9HzqoKBvgX4wyKYW14006KmzXRsaY3UuWVyRu0Vq0YSAaRYsWL57,032bf322c57c4a0efee0791d4712e36bf3e800ffe10fd12a18c3917b0cc467d85d
PtWmfpTmTbJPPauFuMdPj3WfxLuwluJ2NFRtnoxc9mphE7o56FyAmtxUEFUrewILg0F7uy9kn,034548780d666da6f235153d0a4f54b9c9605891b57016acc21f332ff579f2a530
a4644h4uUTEoVmI5QvcvSNfLcgLXpex3Gy29VMlNMPvQWavJFXNdweWUk0JwBGuftGroHBFkH,03643d2c9f200dda7801fc00002d4e4a4bf3626db299ab95057a89291f3705d0c9
Vy85fBn3OHKN0ciw5seRrtoQfdtzfRn1cPmjJbVjaNPq9ZbetBeZDN37AhIFGoeDvbor84Z3A,02d675cd532c0df134174d2bca8fa2df1474250ed2c2d3a55958e480dc44b59809
qkCLaUvpB9jpT0TI6Qhmfuy59S5k8HHOI4u0B1VAK9TbHmHN13KHoep7YgxZRiDrjb1gPm7C2,022add51d2275c29d595859162495bf3283076c3694fc1700866c7a55022edbd8b
D0VK9fxEyilucaATTdoerNiqgxAWAXdmN1P1oH603k6xnipeao1P6NpghDhLPlG2kQKcMNukF,02a1c84afc67f83f74fce9c6b961f5bd69db7e70575cad2b260a964d4a1a1dcd4f
mTaN87h6tBPvWnvkpxq3ghFIz1yYlcMfS9iXoLTcAoDAf0N8dBtKK1sgtju5gG8zNZUSDvX0x,03ef69871ba1997bbd3e2ab766f39ee4b40e00aaca610652bdf95c544e422018b4
YRyUGoUxbDXCIpPf0PdKhFCinMS1qG9yYoOHv4Laqg82tJFViXzLMey1UC7o24X7HIFrkD2JD,0399bc445bc825e509ff41626cde0047d0660f8df9d7d72c495d6f05d1f7367ae2
hsxEQGGAXOVESz5GTucPZFi5Tlp7h6h6UmAH6LLnyMsvE7OtDX5SSWJe1aoq2xH8pgC6VJw61,030cf608c768bbb802265788d1d28e7d2d8102a850efb9ef65f341402bd15467db
lYB83WC5l8xcTVNIfFuEGEWMw1bSPxHygUsV4SxRH9Wn3Y3WWcX33Z9ay3VAlPecd5oHmoJcj,02b714151efc7b958500d0dc5e7a4b5c6870d20ccd1b194322b2e0c5c8d1de0656
vQUedISo6fNmOle80WHXDDvSV8yLa2lrEav1wqiiEzCQUR7zbympEVB3jMns0XsGJQjhphbFX,02ced92ef4c56c2ed2d86f1da5b4d9228e02a9dcd532a6de4633e208c5edcbfed8
iaIbY8zCAPf4zpaZAh4WHMxrefdwoXhQTyKtqjnDUvgEwGs9QPFX16oPHxgv0R9Op6XgNFD4A,033d9aec13921215ab351ae7f0dec611097c1facbbd977fbb482380c0b6e77a3a0
qJH507n3kiyJTDSeyqxGo9fyNRj3yngUkmshAQyVrP6P9hgas4ns3Y5TjEujWBP6RrF07KR1V,0243b93b8b3417d8dc150624564b08ff0575fe12f5196ff0fc944e49f961c8f2aa
l0U4Hl27KxHwPEKW7UNF9RuhHoxRloQmf3lEgVq7B1FTZHUwq8Za9S1zDatHHpa78fIZtesxv,02d1d63c86fb3865290b5ed469dc7e177e874e0f8f831f33078d9494fa84641ebd
ptbL7U4CBATraCmIbbB7DYgIBYZ30K6F70H4kItAA8On9jkzFqLThQ0o6SugcbxPeUhmfz1sH,03deeb70756cc8ce789341611bdf82c5da30ce9e58c46d2f2ca1b025bb177bffc5
vmjpJ2ZYiCEndeGzKJlnC7inA0dA3HP6hMkN8CcNa319FIorup2MS1ImcQWjD1k1ky6M6RNpp,0254d2b5161de86d192413701df0195ccf58025761c3b9e6a56a5f78d97ae532a2
5VFg4KyG8QhlSz9BSwugXMynmU1SbpzIL9foEMEUtL3EE5iyGOp56Rg63wchCxi6QQHdJoeI8,029dc0f073d8bf4c743bcabccb73db24998caea6a2d9dbaa9954d37d99f550137a
CN6hQI3YPpBayA0ozztCKrB5011H302i7qzFqBbW41KudwwLwD5UXq0N5PGVpYjkmFFDZx8bq,0284cc1a5ac5fd5ab4290936a6cb3129e4d5932e40a33887a1c4505e610ca093aa
hH8lAnSbLSIhJJrstW6OHX7gs9cTbbxxidH2gDOmvScI5LdHs49hIFJ6u7uQOKjPCwZpovH8},02f716845748eae9c882ddeee0670fe9872d599d4c8320a9bb0512e3105aa348cf
1J7USvVkkZ3ru8RNArkLRVpE6WgSxbwym9RgLbRQkIqTzFOGUkKKPwBMFcbKYekAdMy3buGcm,03f5cc41f1e9c49e633d148df23030c6ab6178ab39f29203dd0f3f22152de9d468
gafT4LUeoSs8N3FjgSTtVzrUrqwYPBdp49PfNH6wDztVHWR6DehH35GGOY0kWmLJKgdoFy8YA,034846aea095ee796e2e5bab20a2293caf5423ecd3a1761d9cb06eba5765fe31c9
TDkP3uPGzLKIuo4NO8F50cNJkhE8BYBGl3PdQinShEhsRMUv8DYMaXqReZsLscFHHmf2ENsaE,0352adcf2c4e91bb63ff130e23d5f180865ac0bc67a9da88f2d9c6881eb67a675c
vsqjJrIdLmevNoi11bGvstE8wZtWpA0AryT9icldM8PxSFHMMamKqQDZYzA4T5xtig3mEPVZJ,03a773d710278fbac2433b476c5b40d688a6c27d33739662171a8d666651fbcb25
kC6L6SbDDVeNReDYug8xfBLgYvpsSrwzgTC2zWhJx2blRzM6knTZiTtoJoBdpsTKaNs8gEiWw,02f76f8c348c96b08d0b03f244e139f7638b93c1415d4c9535d8b6b29ed0c42c03
iyIufRYjJAgP5VghhLJUcoZ11lOE9Uop5Iikqc7QzMLp6ErhA6u030XUDmEnlWzhmFb4BXCFf,02200324b7dea4223b2fbae3162def6f4160248d9e31a2b21473968480d1194df9
eegIavEyhrKElg31fEQEVENN3JOFwj578z3YV20Spp1y6BmGr35deSgyzg9PcrnGaYf42LTI5,03ebfcdbe1572e3c0058414d85854347be9aa61b0587d3c7419db66259e0507a24
AxnfRdO3IfULdcnjUxWgxTeh7JVyZoCsHBFW7WB8ZaxQ7XquvrfuVez5peoviL9ZiwlHsgUbh,036379618b4be0981a69ba1b6584167b51e5b9feb707f84b379688e449f100a7ce
unPsEzNpj3vgbArkj6cxcxMwDP4FKcTAl8BoL04b101aYOwpe4hmm5P4wNfp1MGEwnD58Uxcq,022fae8605a869a41e50303e011e4b336443ae971222e327e7d4e42dcc4974025e
UiZ8H8TZNOy5mWC0DL6mLYZl2XsUSVO5zWDouAFxNYo0DF2a8nFNq1p9kYSDSJ0eTfYNfMKLi,03953a27069e33f9cffb2f9ca6b7769c6dd1d776d17bc7ab0aaf413629ed8a74ee
wFIs60Xx0GRt4upvQApVUTdb0yZxLTCMLGUvSqf8g7OpBl5YmT7dwFykq5cPWZUhCQ1NALe4u,02e5077f33a204d71b792f6306ee1773c171be615046b40fdbe33164d5fcc7e017
U8jEm6O1808wAyey4kz2GmO2FnGbLPAqKSToZ0Uy2lEfc5yoDZp8pA8EZvkcPX7ORBy5AqlmF,032913cd59e7e5f203e3e970943b21c110186a5e38b9487d9a3705d622835ad119
2kMOKZvhV4wVIjiausCgtlefTnQE13xfHX2qoAmnE0wX8tDA37y0gmvtMjX4hkZ0D6uEjBMBD,0238ae110ef10ad5d13f0a281a3c0c9f2d13970ba1428a422c21bf1445a5163131
V3Wa52uTdiP0bVhx59KS6L0bWQq3BarJV6oBGBa7RISWH4mRmy2QFsSihHTTcgre4yhiq7hix,0356cc8e0d8295b796a367b13d0439a00768524dc205a36aa12395d10d0910e39c
hPnJbXWpyOHFr5GeJUUOUUvbFR4vtwo2FezgKqEm6gfZuCS6Pw18Rhrt9NgoFN4vKWxjxXfzk,03326678eaab0ca168ed6b69fe995fc319621418e5a2cd4bd50fe6ad8313bddf52
PtqlRHJCIczYvJja3b5ypw9qaEKW8X6nS8GqovVHfYZOSZcpQSXzq15YycdFXoFzMz3b3zXKO,03a3688d2e933e2cb245ac899cc688405812a67ea339e836a974e1b81026e6b0c8
dDi0Z9Sl62G1enwvwODHK6tOTefnYyi0Cd5J3vTDZjd5iKWjuhjQ8bfY7ho4TEFc0vJm5PIjM,03022b3fc5656daf217a57f934a610540d74c50fe8a7141f91f51f86280250c446
HwvDbeuKsk4qufpiOxtVkN13VMeSiy4rnzbsifibdrnn0cW4U8btqNVb5lTGs2gBKUwLd5dnE,02d89ffd4ceeb61c827641b9c28ed856a7e77e950c0fc57184224d76b361bd1d86
AaVh8XY1NWD2asZebiX85ZRzJAk3qnGYKnx0IPEw8Fs9H0AQaV142TXie0e4xejuWu1WgtoIG,033e18a1f1d1e9c652d66f74089c0784dbe73bb49782463c00e174f67eec8717d8
Ntw5tcjuBaIfKAcZHyHbLSrEUXAyYA88Cw0ND07o324d56w0SJeidD8MQFkCiqR2Bn1HRjoST,03ff6403a9f0026111d4a08d51420e71d4102423e52879ed804e8ee7b9f981990b
hJHIvIt8RBCrFK0e5mBtQNuLYizurZS8s80ub8bSQdjV16L7mrxUUgQvG9Dr7cH1QeHKgBuC0,02c91fe6248a5e7ce11f9213b9ab627a217cc6ac141a7d7052af3123eb1648bbfd
lOExHpYDwSAUX9rNGCSJSwdrM5VR4ctf58oGGJkzh9VgUJ8trNhEcM9VXfdZ5N2XcqydPuDGa,023bbe7a8764c8ea2a82ea5b0f8f9f91c558bb279018d5f67ee2d5c7e2e49c97d9
GAlU72w3kFuvfyjKnoVWL4EsxujKpc06izL66cvz2QdeRj0PhABYQoDu5nUvMnxK7fVHWuvGl,03780ccc5c7533d3c276b6ee1f95818eabb6b3c0b58ce81ee8617de7789523f2c2
reJXOnodkh4OpircwYLvJ8vbFtDt9pDhz6FRGq2BvyucMg4FTRryVRDQ3asLSmfaUKQ3kDsab,0222fb5eb6fccf95ae79a078523d9a328bc755ede4f7e5f2a498f762d55d461b1c
r159lDI0vt7eRuqIH88qiVpUNNYj81AvIfkuLP4sR39TliF7euwXrDuk5WMR5jaHFTD5QEmAe,0234cac9acb39892562dcb4e47d66a9e25b2ac72f23dd9d506e44fd5d3e59921f4
mpdyDArZ20g77F1L5Or2s80sRSRrWZVyDjAoflEJlswUihGbx1X2fdMTsepNwSh4hv1g1vgvp,02fed5f6ca9803b2581140a9f62dfc3dcaef859f4ca31d42d37eb8fa61c7d6bbc1
sPB6CN1xQtwo62bA4mIteKmqUiM3dnVthcDP584a5IlDUusMIt7ymV4v58is5kx04HHkrY8me,032091fa4f00e850685450d230bff6036b7d4ddfcf813681444ab5f22c0e8d5e5f
Qx4GHe1aEXZN3MHrMSXwgOf59XWonG03OtCKzwnN0TIt0xy0dX5wFPURaekz69LBrBZM1wRwL,020f86ae7cdd8ad2dc970d5631ef6a3bd41155379091532cee4a0ab6b3c3856b92
rhbXkvzUfx1rqpwvkV68e31UaEH4e8cMNznouep9go5Pme40T0lJF31QG1vWCWUJGfZ2EDo45,03371a9419c4145770be74ff1e9300638c55d9e386860e5b6be6e94046212dc383
GMrnprvHgYgAl8kYWzYmVNacdE7vtLt929bAR5JJfF6tDDADeL77jF2ED0460Z8dPEXn90dgr,02adf593f450c08f039b850e947588716c70d29c0b11e4b2b54c0a5d66d6ea0858
dCHoFnWSjEGexDmU2pk1vsg409onbLhlEcL8pdPFebt5mFr4MceH4UBlxQfpq8lj2cBBEXJxA,03fd331e117be8789bc0117f81a84383aa0b29105dc23a9a0c08e3f2a4f5d7a2b7
ivjMjrWn4CUk3O5IuwP4riv3xUGLUZ3hlC8Dw4sF2rhDMfN8G1GXIfUpCRBM4JMdXK4G9zf3Y,02b9356a449be7f8608ea9a57a39f1d552d967b19e07d3d1e43a3ac39686f45705
lyVoq5Tk7sBv3WDX24y2gcOUsveHYSrKL4vq9OyqTKjF8EzJFSTpCne2BhNysvL4SnIucsWQM,03e95038d1a4af6fa4bdfd7305afa45f9be86cb147fb81e363c74d7c52006a839a
FTUXjKXJSXmbTs2C9dyhvT6YP1nLDuKsTbFljTaobO1NtgInpNxraXVsEvq3N9WKLZPA7dnCi,03b0fb61b6b2030f34aa75a3e5ed7cca0208616a03cdf2b3bb6232ec68dd10eea4
YQshxf9xbFKDnKQaBMO4DJfdnvLSi0tlmynYRvbow28NNf75dxAUe10x2s3AH7f2vvzIrkAbM,02a506ca431bb3eece3635e57130c33d45b51dfa6f44d8ab78857bfbca8b0876cb
xredJTicA4hyaiDwmJ0V0hprfdlv4lr6dGXQQAC4A33RGTzVq9PaVeWUEEJRkyZJEs4WGZ0A2,024e0231d51fc74d29674c393f6afa72a6ccc2e7035bffb1b9471876f79bf5fd4d
hXS6IEvf8STRGIIioz7ZFrs8PP42NQEmslIwop06JQ1MYbfAkZfEAtGNBO364DkqZbl8zgCbM,0277b611d535642ada738627479fd7b10fbc2d3acaa803eba83c122a6e12cb4aaf
yGyik4DCpPYvtcpGuWjG0xh3fyQglu1g0bWizIjeoCMYjyXfQH0xeca1ZFo2sjFe6AMV8Vifv,0326271adeb088e7a2107453797ba6d03d1671b1a9b9bff5c15e1a40a2ce406f43
nTJKBiC2mzWz9WyYHZUd7lHRqJfnuFwOVNMB18d9NRzj3AVsVMvRqDeA4ZjBmSGW5V21Ew8ff,03e1a7c5e9bc735f62ce008d8463d7f7b9c8b4a89f518e9481999e12f5f16affc6
HVd4JMMQUCbjGcU1DcQLtPmLVWl1i9pXfo7jn2lXfEc09LWsePRdXKGuP2D96zrAWV8wPRcw5,0313e78f213fc5c8eeb9ec74f28ef11c4bf7fb2711534eaed269ca02ba8eb40fe7
qRYSDNxMx8LauSAlrewCfr4nQiUZ3bCCaKBsHRazme276l7ofF2VTqpzx6LF33VzvAj57QpAS,03c8e96fb619d9426f1e02446111061379c100abca10779964773adb08328078c9
btKUAtbyuPDQUhIqF5iBKRvEEKxVYFxgmJCKgtJLVyzyOjoZJyUj4itM71W9xEPnPZSE3BVaR,02b69d5bb742bb03c8c7967ecadfd4722f3fa39b55b927ac3c174996e334c979db
lLPjXgXYcn6eEKkrLhoNh6uOYkQcz7eAuAqhPLH5mVXcQ2jjDnctcSo2aiPpW1SL1TyCC6FKk,0365a2d6db8ed7feb845b67d56a4ab7f9dcfa040ce7d637aa9d3fbea652ccfcd0c
DDooeGE9SOUSTSPssILkDvGe3iiLwGfB21X7ONfP7lnEJ1ve40Qx2WTVaFhvHliStTPtIpt06,028d771f11d588e7861e5377bc70e60a062e49cf0e920e15928badd7acf9548058
zVyL3uXMcg1QRA32SdMgRaVmNrUqovURu1WC8Hlp51XCINDWcQfanXfknuOrIyi38mgbwsr1U,03c2a864438a31f0b20d2cf91acfc48f755edb3bd6bd4c14635a1b4e14667e5acd
JJK718siS6oPfsanpN5hzKhqMnHCelPwi0eK3ECWc4g1hCdE8hFP5pQhSBlo0XCr35BQ6f0pK,022e08def6b2bd785c98bfe472e367375b2426efb655ee66ae49d3adae484ef155
Re6yMHKARR5LyOOtUFJxGBFuHT3k9aMmyqBrUZGOF4dmeSBMv5fQE6nkX86M1qH5RIR5V0XBg,03fcbdeeb0a8db35d652ff6eedd90159b594b670912c45959bffd3d94026d33a3e
F3LackMR6Pku3WsSM3ut3SWDc2r4GGQ6s6xRhMhqpQYDgOjXZ43dOtjvVjzhzrU9Iyt6g9si4,02fae46e0a009cba0fa293bf46e90a629a0d6ec6feb920bf0e9a6af31f41a8d94f
OfPl3A7OWPb09wQFdHt4usfTW06XYLXUjFaDcWpYHWkVcFbOdQWIzHeV3TyKHnEGTHdQwcUQi,0247fcefc727bbb9f686edb37d671eadaecc9fb813d4a065bd5b8dc566ae09d1c1
VjJXlxhcaCHqA0yP1nhebDj4X3FhTYx1yrxcnE5DQJx9nFkitc1qgarjy91exFD0HWsueCCZQ,02d13956f39261dc44c9ce0b070402860c478039e8cfdc1f5bfed91961fcc42e13
XVJ4SjNdozyZmhq8gpLmpwKbsFC6kdHgNxDnZ1H2KJwerF5mO6j6KvfmEO8LUbLZYx8Waa8bY,03c5a886afde099d06174070bc5a2342ea87ff0c87ab346411963f5b16579a822c
yHn8NHiOEMXI4H3wTEjzcq6fh78mclYlR7DlcjUgNsDRZ5mFeVJgfP6H1OLQY8alkyxysuqn3,03231e664128470aaf891844cb8163267d3404420a8786be3118b54e5551cf4862
L8EpmgNForJdETS1BHF4TW0AxOWuE9wEAKVhZG03ognqfHTT8hAVGhPbcelooNRDiIDIuIklF,030d63954f2b340a577056351b2f1fb4923b1e54c729975d55c7e7326478ed825b
X77HQ3vF8AhjzZ6JKldw0QHlQwk1mDku8zD7Yem9gsWOz67n8m962aNg7Ht3OPUQwnRjQJZbT,032c8454e0bc76fa10e3acf486978076a230e93a3325504d23502084a152c173e8
vABZuURV2BrQC1pe7BZsddEEvjFj9QLIOsMoGpoPD0MlBOS3HqSFQCcy3HfdKiIZSpsXKKHb3,03845126515c1c3e06d9f01d7b354cb9270609756879fb9181f5be8584124eab7e
k5v19F34L4Yw5FuFyxlsXStNiBUDQUqeTgZQXkTXxbqPXRL9HTA2ZciwNVJ2jYJqujrQuUC0S,03c5af6b99ac023d6955fb32f88cfbd4c0f81fe305d2a9edd56db9c01f3d7f14ef
1HDA8Gi1C1LRcFMxiSV5xZd7XLg7Vf6wnIsRprM23TWYhfGuqHaG2HEcUB7GiAA4YAN0wOHfP,037332ffe198aa52ffc56b69b1d53b514a90fed8851b70ec49ada16a4cbe7e1fd0
NF8otnPMzODdi0r5Nbmx8AZKpw1m1Veb4cPMbZKMVvxAQNmPWAL0WkIy5Ljqg3zeS9YmPBvUM,023d68f00fa41a98eed3ac245cb31ba5605cf6eab2e6a0c35d206650f9f5801403
r1FfeciTbeHdOjllDRtqul8ylTkkG3S65xc4at7wfRFiMrtyJ5EE5PF9ZwxIfG8qUvdrIdU9Y,021d6ff0bb768645d8ae28e97b413da67f8670531f56fa51ffb623acc3b46ce640
B1LQjayePlvBT8qwNnWMQm1g7RWkuHbD5LUBuc8ImvA3nrfBzvOHmaONO1rLMSsKq7uhWJD1e,02930b9634d2591a7eaf026d4f66b81d16f894ad4fa8b4bc15777615ec810b0d61
CpNcLtzmKbndlnnyZT4u7KGmEXEdoZukRGjMEDaHEsPZN0hiZbDvDvqGK4WHl4kcmrUi7xu1o,0362d7755245d11d97d80faf970c1c27d4012e3f7dbc8b7ea55e9e07649176f561
QBYKE8RqD8Lr1tYmlDclYvKEqc4Vy7dtIvT9ZDGby2sfjnrwuJqQoaIv8ySJkb3UcEBkdW9oT,027703d389090309bf71377f63cfa1347724ef6e7733db842341a52e9df2e37828
yGe9A3BCMKOLsnp5tQKgrax7TcRnfW7nncf2c7iKYWb3nf6SOq25OA3LyrACeSzrXWZPLTVXS,03107cbc492299ce377c4601ca78ec6753dd3934350edf4f0d6481a0af0cc91414
gmfXlW6XJWaGKdzL7Z19V8HnIMuzKctfD1O59XXmMyeWubZL86JOCvEnHhXEk6n3dAxlqs5Wn,027efabfc662ee93623d0aa4193bf5d8bcc75eaf921ac6bced312d90ab4389603c
RiJuhAKXUPzp51GckVUHMXeWQWAwIPWGkurz5SEnhzAyOLw9U3zEs44NwtHyG5QEjqljP2mmu,02f34205201f19645764b0e34103ca8ed65f1766a9577bd2a5ce4ae50c333422a6
Avwgw1qEWRkwlxbED2mHQMuKQV2xKj69Aox0p17rrnbpU1qd78avY44AoW06TExAXE5NL0BnQ,03fa6a4346e7a81208789aef627573e67c8263bda6ef981a5b43245cd33573f975
3RT0GzVr6prKzN6TSUGyzr4Wx275opjoEz1Q6z6XjuK7oGwINiHmjfZOWxmYzR1ap4GeT1vvN,0211dbd1b0b041064ec66ce69168ea1dff801fda7173a2f02b071b557a14ec086c
vu9B9Oziep0HsbGdM7KUoSm2IPtjp2YWZOKw4qzYox2Wqp3PTkGpj1DSM8Qyx6nHziGj7mou0,036858057fa74264f024b0aa2410a6a2fb0f751b7f4f439f81c4f9d9499adc2b3b
W1ma4UScK3nZ4KFS1T7mXxWyXsJU1FfGWHyMVDbWZCq3NJdoq2zeqyM48ybRWZCLruD2XuAwV,0234efec3b0609cb1943f2b0c4f7ffaffc068ec901767fb793f51595775013599f
YBLqhAOKBAOq5QM4Zam4Ped2U5WlM73oBz3uxsRnh5bXeLzPNPPYqQ8iC7pox1m0f76s76L1U,03b4852d3db41ad205ab0bc336d503babcdbbc6235125af9a0567cf361d6fee9b7
NA6VCyiNkD3vv9hbwqvVYxcriQkxP16OevEOPcTk1VSYPijxoPkpcBNgovHCMBAjnMIHRGSTF,037c5aee8c3cb0063af6eadc01e789fca8f7aca31d51a7fb7c1eb92bb17200a119
1ekunkHnbrqSW32wU6ryA2cC7PnTijEyEOK2h2p35rZz2wOLjyYrDHqHK3eELGSmQCqMW330g,023a519fc7148ee5447a26734c73d6337a5b8953d0d52a98f8ff76bde0f9691c47
qBCeRB8DW04uzOKtOaGUmKUNUMnGIzNIqaLQWjP230Sbi8tQjIEK2bcsIXkn3YhgV1z7ygSRv,02bace734de7ce0b2f221d5841e97a600119070d4b3292e978ff2b76f372795993
fATKxwhrX2nBlwVPEWBrERLAlk0IgJ7R4sELZqMUmBceE17ago3fSmcFoYRyWsdiBlcrfuJyz,02c968672d0c72e0407990404069d4449a828f62958dbd2b6c4714d3145d3fd183
C9TdVchMzuSxtIqXz50nhyvIl7DRSOZGbYFy7RZRdFGnSpsV85A86kFRha5RV3tI5NGrdVuak,02616e25f15b19a7ec55eb6b9e64ef71b95c5d0359c5e8e744934adb0f4c4d9d6e
YHvAUdPFNgOYCeCwdP85ixQwP4QKTRnMwrUjghZ7BgowlKLkXF5An5bkJRLA8Qc66GQa2uXYd,03741faa1bf01ca936f9c8c499ca852e1ed5d095b6cfe9b1ce144c40ba33fee09b
GtKtgPWkcwl729aCOeWjynLKkuuePdjJTk6sRBVEpdDViDBam6VHX6OE9iAMppQXMszU0cQua,0365e854188b431b0b194202720a596234bf731e8f45d344d78aeac82e9ab1331f
5clXVx3vpyE0BW0X0ivz6qqtetMza6ihACdXZb6w2bGgkAXw8kcR910r91MOB6S761s7BXZv2,03466a1aaba9e89fcdcee3361df53918794ed86ff54f28327a5c9aff63a1d5d76b
cbhAGUAuiavWpN6btcpzmotzhAHbWSAypgjcYcUPujXnM0dLzeNnhylX4mTXkw5KF1JxFOFFk,02d5b57cf3d13584512a78012e2dbac0a9072dfc0ef7d63da6849f162af727737b
tUyRGss2vOnxtSzBIzRxKsDrrs7EkabC2a05PDWocMOOlfiVDu0BfSQhUEnJALtKZZQ4fGXf1,0229f75640fe3d4ab4b5d99e0f90bc6e90d057555400effb0ef8d6674b57f75cda
kDN92l3LL7qvKTYVaPsLgJFlcIsaGzXFCoewAvRWWULjOBoPNBX5cMbHpIAQXXZ8c49WIbV95,03443da1bdf3241e68d4bddae503eee7c1bf32ec46073f1889cecbb0a275f113b0
F9xpyvUWD1L6Girk6qzlmY23QVuzg2TPXvQyIWJRaEQwL66XGXSi5B9hKcqmcyvS9xIZNsPcG,02483c8319af51fb80bde6bf0f09a178f2e4aeb8fd69260968fa1aeec70523fd87
y8RwA6zUY5UwoL2lzirSLPlMFVOMPk22IMWOXDbBXUIOeEITeMILg3di5LtzdpwBaOguGWBzN,034e6a42eed6312f05af3b2ad898789ce28d6d4a4125212ea23cfe7dd24b990433
MdHwyLKibBS6HA7AVjpgffc2SB9SJjBXi0g4m7C8rulF2bi6UF1wODOqJNSZSdUj66EXjOwY2,0208be1ac7e2257287a30af3a8681660a2063f2ac53c3fd1a397e9aca578236b35
9KJPm55plOu1rv45HbZ8Og6uKiFqZgR2Ot5XyypddlJsSUD51iK5yBHjfTuIaobk8lVKCogns,031511b8e595ff0b1ef1d664205e17c6bc705ba72ce883a89de6ddf6e630804f3b
XqmG9KnMI6hE7lr59YwKI9bDrX8UjjT68pzyfqfUBhaUqXpmeVz81dMmhu5JtqrWDZRSjHEuE,0202e7b3878709875e284fc32ffd3b5f4fc612a5b52a2b70d0c2772c6ce7d8412e
i9BvyI0OYrM6RoWp1ml4blOZUZmoS7xdSTwbTMD3J049noMVPNBUvXv4IN8MMsIRV8q74uxb9,03ed1770ee5cfd89af221eae788b971a510f4e7cc405695717b77269b50b38f302
uOYVSt9xpIsNf72UwFd4vnSXA2YIGJWfkDu8dcbCSNFydblePSyZCRfeplSgqo1pCREKyq6NM,0267d6e98a4d486e8a051b2ed8352506c1ff04368e801223e0db55b3cc1fdd4c75
QQXw9rFnKLV0xB6WPknkC9wKlDz79eLjKr91AJS08MjrfGRkKn5iigNghmeYUFFmZFYK077hp,02987fc959e9707fb6d120ca2ffbca9055edc99b487233628616a7beaab9eb7d78
XvxrbwoKz49qpOm1hTK6FzGDTqL7LmUojyUlV3gof8EI2FpnUN3venpjRUkwFQONRWIO9Xa0o,036825cb316a0f8b8c32be35d190a693f669f91981082713e04a62406a9e4a89da
SLwVf4Hw2ANQxGV4njSWR6qwBSN1R0ceIrBheewC1ZtBraE1XNg0HlL5Rtca3gEHNYuk7xAR1,0289a127ef952699f74575e286796f161e2684f5546f9ab59ffba55f108b9fdc65
2jJFfxvtsqUScaApsgnwJc0mSbm8tkXMWIfUuvfSdtDUYYsOpIDIZQrdTPCgeS7APmhFBF7Ku,035f9b3a13052152d5ec439144fbb9770e16b3f4b53dc9b6afc9e1412f5476f5aa
xaL3Z4q{xd7Qp4vWJKbwmVuSvpDV9niLa7EwqN6WydyXnNemlmj722j4ngvKLdRye9keL7gIv,03ec55b88ce093ba801bdc50326a1206a9a7e0de5c93d067c26a4dbae8adf38572
WDFInopK19mP4Iuab20Nty1APgUYOTrVcopTETFjzQSQrWJxpL3iXDP1n4PkwBSmwMDONfzE6,02836d32925f1595e18f54c5e80deae664faea2f5b90de7448a4efb705d56faaf1
vDQkC2g9fIN3kbfPf10ZPswxxjkAWPy7aO9B4aE7Q1tSxnuVplDofIrYNYEzi2pTBLpqDCDtw,02da2c9d224a63ed64f4f3abc059d9540d14c0232bbf3a8c63dc7c16df3482ffe2
pk7XU2oTTyjmfVRdx7ijBhzycZzGTZz4xtXjp68ifOGgxCoRhn2QjISpsKDzyyMFfMoZfGAsf,0225a855520a52c5bf1ed361cc6961ea265aaf77399e0745254db51660baab468b
IyfS28124ZYp8CJG2fnbJk3A8fr3DxHnREQZEAPDhCRt2TrZ2NQd7X4fVQgEHwn2JE2NGButS,025bbbedc2c633fbc33dedeb9d4e920595dab01905ff72b6e4a97913375c41c9be
Rn8WUtgI27n5ePbJXv3RsYmMQd7Y9xMQnwjFzSF1pgzwt8M0aBqNtcKiPdIotQMo2E6oDgi1I,022be291016965a6f006b3c13fb708b7c5563a5e486150feb3981c4189aef36ef1
MlFl5IjlWHQI3zGF9nxqZZjJpW6noxtnBKfnBcSFlsmUdg8XKQMQKDmcDKKzisi3aomQDlJNM,029fc843591221ef0bd3a556f6bf1f1027d4dcaf3c4562a9ce774e30f4901be17a
o5d5Ay1RLaaRaRUaccK7MohkmMjifORbdHhSJUHVKpY0CR4zGjkSeY5OnKHuHKj3mAOagI1dZ,02dd2157ffb933944940086badfc65f20f322bd430f1680774677e00db26e632de
iusxtCMruFvyS4Y6kkLE7pezfCnLvfxTjK0rnE6qFnaYXZcEpIp5Mdr6Twn5buoEU42XjgfWT,028cfed8ffb75124a21b3d4a66de0eb4ba2d34226a6199ce8893c219fe6df3ce3e
Hr3Uv1o4YFNctlX1KchHWCuvsxrSbjwiT01USNozLIgHr9hJ8PvjoEgBEI7crkv4xDYtbykj6,03a3c27127a7f36a44de16e57887842bac6518fa140562586c7ded963760282ea4
VtCxQMnQryASMsZyke2FO73aTb3OQVxKvXodK5epLLYQOuchscYHLH8z8WbcfdktMFRlPQbDt,031fd97e4bb9d6c3326515440ead106d1b9280dddf25ad978cbf61c1b243ecb890
YV1fso3NrnNSsLNLOuYkwTWugMqWpCJymlRv5drPXq3mnHbNBfh0Sl8LT06FHDb1ge5JSYtzL,030855a8125e4950fa1bbcfe59a5fa29e1fe33a06c1b80eea8c35b1bb5dbd4553c
8cvtl9wkLArStFsuNl5SyWS6uBGSrhLXz5hcXEa0troDOiBpKf5Cuw6rOBXgsgiCfwsLWT6ti,034531429e44609abdaa74bba477ea128f73346929af3db0d18571d2d6b75314d5
gzU8KYgSzw1nOgVQjFoB1YCgml2h5abF4nfkp5AXQJAoZWdd2qcX3yGPMXV7fLGs6xm7czNXw,035b7a986625d3bd40664c57c79da3eeafa2a072929bd2f3d070c250c70c51c4ba
2OgYe8mXfZz7Y04ytwkRXqHTEdODBf6jC48ed9jRbMB2vu5lBX5fJX6rRe8nLv8tzOWO7QnLo,020cc914fb842a2be4956d730c51d9c36e3d60409258d9e89ff8a2f4e923a5e61b
UY5yf3jmuPdVzAOF7DeTiV53Nzsa3kWics8522kDdeGOUnKkdTsPCQGyq0Kjhg15fHkBOMtiT,039da50c2fa0a9d869459ea6a25337618bddd40c34f893bc08318aa6feeee08eac
